a9a32a6,[REDACTED],Update mdbook.yml,2025-05-14
aa32337,[REDACTED],Update dependabot.yml,2025-05-14
8c5fe9c,[REDACTED],Merge pull request #1 from Into-The-Grey/dependabot/github_actions/actions/cache-4,2025-05-14
969452b,[REDACTED],Update mdbook.yml,2025-05-14
4c5b091,[REDACTED],Update dependabot.yml,2025-05-14
518e87a,dependabot[bot],Bump actions/cache from 3 to 4,2025-05-14
8855fe6,[REDACTED],Create dependabot.yml,2025-05-14
9aedfbb,[REDACTED],Update mdbook.yml,2025-05-14
db06ec6,[REDACTED],Update mdbook.yml,2025-05-14
84573e8,[REDACTED],Update mdbook.yml,2025-05-14
5533690,[REDACTED],Update mdbook.yml,2025-05-14
44fa825,[REDACTED],Update mdbook.yml,2025-05-14
15d9b41,[REDACTED],Update mdbook.yml,2025-05-14
be20020,[REDACTED],Create SUMMARY.md,2025-05-14
e3aff40,[REDACTED],Create mdbook.yml,2025-05-14
c8e1161,[REDACTED],Add files via upload,2025-05-14
a85c325,[REDACTED],Initial commit,2025-05-14